{
    "HS0002p1635_a_2002_12_02T01_07_32_all.dat.gz": {
        "windows": [
            15.0,
            30.0,
            37.77777777777778,
            45.55555555555556,
            53.33333333333333,
            61.111111111111114,
            68.88888888888889,
            76.66666666666666,
            84.44444444444444,
            92.22222222222223,
            100.0
        ],
        "rvs": [
            35.578646628259186,
            39.07901318423676,
            34.30877333232993,
            33.683028498640475,
            30.93984202040052,
            33.10771395991651,
            35.61682993936566,
            36.97384509000547,
            37.69596324035914,
            38.01742073984517,
            38.008598415731065
        ],
        "e_rvs": [
            3.883669400818963,
            5.0370837441993075,
            4.328675364345793,
            4.086157408875724,
            3.9132950892477734,
            3.8967513162823977,
            3.8532816128510756,
            3.7952925811073968,
            3.728149956861312,
            3.7180499366728625,
            3.6926342483101138
        ],
        "differentials": [
            0.0,
            3.500366555977571,
            -1.2698732959292585,
            -1.8956181296187111,
            -4.638804607858667,
            -2.4709326683426767,
            0.03818331110647222,
            1.3951984617462827,
            2.1173166120999554,
            2.4387741115859853,
            2.429951787471879
        ],
        "significance": [
            0.0,
            0.5503346818072183,
            -0.21835922509073427,
            -0.3362612651959802,
            -0.8413803913433446,
            -0.4491301536068727,
            0.006979356574769104,
            0.2569328939733795,
            0.3932979682940965,
            0.4535985864095448,
            0.4534373252831773
        ]
    }
}